"PRODUCT_ID","CATEGORY_NAME","CATEGORY_ID","PRODUCT_NAME","UNIT","PRICE","IS_DAIRY_FREE","IS_GLUTEN_FREE","IS_NUT_FREE","IS_VEGAN","EXCLUDE_ITEM"
"21","APPETIZER - NONVEG","1","Knockout Chicken","18","160.00","0","0","1","0","0"
"22","APPETIZER - NONVEG","1","Chilli Chicken","18","160.00","1","0","1","0","-1"
"23","APPETIZER - NONVEG","1","Chicken 65","18","180.00","0","0","1","0","-1"
"24","APPETIZER - NONVEG","1","Shrimp 65","18","280.00","0","0","1","0","0"
"25","APPETIZER - NONVEG","1","Fish Fry Tilapia","18","240.00","0","0","1","0","-1"
"28","APPETIZER - NONVEG","1","Goat Chukka","18","280.00","1","1","1","0","-1"
"29","APPETIZER - NONVEG","1","Lamb Chukka","18","200.00","0","1","1","0","0"
"30","APPETIZER - NONVEG","1","Chicken Manchurian","18","160.00","0","0","1","0","-1"
"38","APPETIZER - NONVEG","1","Tawa Chicken","18","140.00","0","0","1","0","0"
"151","APPETIZER - NONVEG","1","Chicken Chukka","18","160.00","1","1","0","0","-1"
"166","APPETIZER - NONVEG","1","Tawa Fish Fry","19","3.00","0","0","1","0","0"
"290","APPETIZER - NONVEG","1","Apollo Fish","18","240.00","0","0","1","0","-1"
"311","APPETIZER - NONVEG","1","King Fish Fry","19","7.00","0","1","1","0","0"
"329","APPETIZER - NONVEG","1","Pomfret Fish Fry","19","5.00","0","0","1","0","0"
"330","APPETIZER - NONVEG","1","Chicken Pepper Fry","18","160.00","0","0","1","0","-1"
"362","APPETIZER - NONVEG","1","Chicken Taco","19","6.00","0","0","1","0","0"
"422","APPETIZER - NONVEG","1","Quail 65","19","8.00","0","0","1","0","0"
"442","APPETIZER - NONVEG","1","Fish Cutlet","19","4.00","0","0","0","0","0"
"456","APPETIZER - NONVEG","1","Jeera Chicken Wings","18","160.00","0","0","0","0","0"
"489","APPETIZER - NONVEG","1","KARAMPODI CHICKEN","18","150.00","1","1","1","0","0"
"498","APPETIZER - NONVEG","1","Egg - Plain","19","2.00","0","1","1","0","0"
"502","APPETIZER - NONVEG","1","Live station - Chicken Appetizer","33","12.99","0","0","1","0","0"
"518","APPETIZER - NONVEG","1","Boiled Eggs","19","2.00","0","0","0","0","0"
"543","APPETIZER - NONVEG","1","Curry Leaf Chicken","18","160.00","0","0","0","0","0"
"6","APPETIZER - VEG","1","Medhu Vada","19","2.00","1","1","1","1","0"
"7","APPETIZER - VEG","1","Masala Vada","19","2.00","1","1","1","1","0"
"8","APPETIZER - VEG","1","Potato Varuval Fry","18","140.00","1","0","0","1","0"
"10","APPETIZER - VEG","1","Gobi Manchurian","18","140.00","1","0","1","1","-1"
"11","APPETIZER - VEG","1","Mixed Veg Pakoda","18","140.00","1","1","1","1","0"
"12","APPETIZER - VEG","1","Vegetable Cutlet","19","3.00","0","0","1","0","0"
"13","APPETIZER - VEG","1","Gobi Pepper Fry","18","140.00","0","0","1","0","-1"
"14","APPETIZER - VEG","1","Chilli Paneer","18","140.00","0","0","1","0","-1"
"15","APPETIZER - VEG","1","Cut Mirchi","18","140.00","1","1","1","1","-1"
"16","APPETIZER - VEG","1","Mushroom Pepper Fry","18","140.00","0","0","1","0","0"
"17","APPETIZER - VEG","1","Samosa","19","2.00","0","0","1","0","0"
"18","APPETIZER - VEG","1","Dahi Vada","19","2.50","0","1","1","0","-1"
"20","APPETIZER - VEG","1","Manchurian Balls","18","160.00","0","0","1","0","0"
"56","APPETIZER - VEG","1","Tindora Fry","18","140.00","1","1","0","1","0"
"154","APPETIZER - VEG","1","Chili Baby Corn","18","140.00","1","0","1","1","-1"
"168","APPETIZER - VEG","1","Soya 65","18","140.00","1","0","1","1","0"
"209","APPETIZER - VEG","1","Chili Garlic Mushroom","18","140.00","1","0","1","1","-1"
"231","APPETIZER - VEG","1","Spinach Pakoda","18","140.00","1","1","1","1","0"
"232","APPETIZER - VEG","1","Onion Pakoda","18","140.00","1","1","1","1","0"
"233","APPETIZER - VEG","1","Aloo Chukka","18","140.00","1","1","1","0","0"
"254","APPETIZER - VEG","1","Veg Spring Roll","19","1.50","0","0","1","0","0"
"258","APPETIZER - VEG","1","Soup - Tomato","18","80.00","0","1","1","0","0"
"260","APPETIZER - VEG","1","Veg - Mysore Bonda","19","1.50","0","0","1","0","0"
"264","APPETIZER - VEG","1","Gobi 65","18","140.00","0","0","1","0","-1"
"269","APPETIZER - VEG","1","Vazhakai Fry","18","140.00","1","1","1","1","0"
"310","APPETIZER - VEG","1","Bhindi Fry","18","140.00","1","1","0","1","0"
"331","APPETIZER - VEG","1","Frozen Vegetable Cutlet","19","1.25","0","0","1","0","-1"
"335","APPETIZER - VEG","1","Hara Bhara Kebab","19","1.25","1","0","1","1","-1"
"338","APPETIZER - VEG","1","Mini Samosa","34","0.75","0","0","1","0","-1"
"345","APPETIZER - VEG","1","Veg - Aloo Bonda","18","140.00","1","1","1","1","0"
"348","APPETIZER - VEG","1","Chilli Pakoda","18","140.00","0","0","0","0","0"
"356","APPETIZER - VEG","1","Paneer Chukka","18","150.00","0","1","0","0","0"
"361","APPETIZER - VEG","1","Paneer Taco","19","4.00","0","0","1","0","0"
"367","APPETIZER - VEG","1","Crossiants","19","2.00","0","0","1","0","0"
"368","APPETIZER - VEG","1","Muffins","19","2.00","0","0","0","0","0"
"407","APPETIZER - VEG","1","Alasanda Vada","19","2.00","1","0","1","0","0"
"409","APPETIZER - VEG","1","Plantain Bhaji","19","2.00","1","1","1","1","0"
"410","APPETIZER - VEG","1","Kara Boondi","18","100.00","1","0","0","1","0"
"415","APPETIZER - VEG","1","Yam fry","18","140.00","1","1","0","0","1"
"418","APPETIZER - VEG","1","Dahi Vada (South Indian)","19","3.00","0","0","0","0","0"
"420","APPETIZER - VEG","1","Rajpuri Bhindi","18","130.00","1","0","1","1","0"
"435","APPETIZER - VEG","1","Soya Chaap","18","150.00","0","0","0","0","0"
"440","APPETIZER - VEG","1","Punugulu","19","1.00","1","0","1","1","0"
"441","APPETIZER - VEG","1","Sprouted Moong Chat","18","130.00","0","0","0","0","0"
"444","APPETIZER - VEG","1","Aloo Tikki Chole","18","200.00","0","0","0","0","0"
"445","APPETIZER - VEG","1","Paneer Pakora","18","150.00","0","1","1","0","0"
"446","APPETIZER - VEG","1","Veg Kofta","18","150.00","0","0","0","0","0"
"447","APPETIZER - VEG","1","Bengali Style Veg Chop","18","150.00","0","0","0","1","0"
"471","APPETIZER - VEG","1","Sabudana Tikki","19","2.00","0","0","0","0","0"
"486","APPETIZER - VEG","1","Live Station - GOBI MANCHURIAN","33","11.00","1","0","1","1","0"
"487","APPETIZER - VEG","1","Live Station - PANEER MANCHURIAN","33","13.00","0","0","1","1","0"
"488","APPETIZER - VEG","1","Paneer Manchurian","18","180.00","0","0","1","1","0"
"491","APPETIZER - VEG","1","Dhokla","18","90.00","1","0","1","1","0"
"499","APPETIZER - VEG","1","Live Station - Tandoori Veg Appetizer","33","10.99","0","1","1","1","0"
"501","APPETIZER - VEG","1","live station - Paneer Appetizer","33","12.99","0","0","1","0","0"
"508","APPETIZER - VEG","1","LIVE COUNTER - SAMOSA CHOLE CHAAT","33","6.99","0","1","1","1","0"
"514","APPETIZER - VEG","1","Gobi 555","18","140.00","0","0","0","0","0"
"516","APPETIZER - VEG","1","Mirchi Bajji","18","140.00","0","0","0","0","0"
"517","APPETIZER - VEG","1","VEG MOMO","19","2.00","1","1","1","1","0"
"523","APPETIZER - VEG","1","Soup - Veg Manchow","18","80.00","0","0","0","0","0"
"524","APPETIZER - VEG","1","Soup - Veg Manchurian","18","80.00","0","0","0","0","0"
"540","APPETIZER - VEG","1","Burnt Garlic Paneer","18","140.00","0","0","0","0","0"
"542","APPETIZER - VEG","1","Vegetable Manchurian","18","140.00","0","0","0","0","0"
"555","APPETIZER - VEG","1","Live Station - Paneer Pakoda","33","7.99","0","0","1","1","0"
"556","APPETIZER - VEG","1","Live Station - Mixed Pakoda","33","5.00","1","0","1","1","0"
"127","BEVERAGES","1","Mango Lassi","20","2.00","0","1","1","0","0"
"128","BEVERAGES","1","Strawberry Lassi","20","2.00","0","1","1","0","0"
"129","BEVERAGES","1","Rose Milk","20","2.00","0","1","0","0","0"
"130","BEVERAGES","1","Fruit Punch","20","2.00","1","1","1","1","1"
"131","BEVERAGES","1","Jal Jeera","20","2.00","1","1","1","1","1"
"132","BEVERAGES","1","Masala Chai","20","2.00","0","1","1","0","0"
"133","BEVERAGES","1","Coffee","20","2.00","0","1","1","0","0"
"223","BEVERAGES","1","Salt Lassi","20","2.00","0","1","1","0","0"
"224","BEVERAGES","1","Butter Milk","20","2.00","0","1","1","0","-1"
"225","BEVERAGES","1","Badam Milk","20","2.00","0","1","0","0","-1"
"249","BEVERAGES","1","Meadowmont Mango","20","2.00","1","1","1","1","0"
"251","BEVERAGES","1","Pina Colada - Non Alcoholic","20","2.00","0","0","0","0","1"
"252","BEVERAGES","1","Mint Mojito","20","2.00","0","0","0","0","1"
"256","BEVERAGES","1","Nimbu Paani","20","2.00","1","1","1","1","0"
"257","BEVERAGES","1","Panagam","20","2.50","1","1","0","1","0"
"263","BEVERAGES","1","LNL Sensation","20","2.00","1","1","1","1","1"
"324","BEVERAGES","1","Avocado Lassi","33","2.50","0","1","0","0","-1"
"337","BEVERAGES","1","Badam Thandai","19","4.00","0","1","0","0","1"
"349","BEVERAGES","1","Pepsi","20","2.00","1","1","1","1","0"
"352","BEVERAGES","1","Blue Lagoon","20","2.00","0","0","0","0","0"
"458","BEVERAGES","1","Paani Puri Vodka Short","19","2.99","0","0","0","0","0"
"536","BEVERAGES","1","Aam Panna","20","2.50","1","1","1","1","0"
"537","BEVERAGES","1","Water Bottle - 8 oz","34","0.50","1","1","1","1","0"
"105","BRIYANI","1","Briyani - Thalapakattu Goat","18","200.00","0","1","1","0","0"
"106","BRIYANI","1","Briyani - Hyderabad Chicken Dum","18","150.00","0","1","1","0","-1"
"108","BRIYANI","1","Briyani - Paneer","18","140.00","0","1","1","0","0"
"109","BRIYANI","1","Briyani - Boneless Chicken","18","160.00","0","1","1","0","-1"
"110","BRIYANI","1","Briyani - Hyderabad Goat Dum","18","200.00","0","1","1","0","-1"
"164","BRIYANI","1","Briyani - Thalapakattu Chicken","18","150.00","0","1","1","0","0"
"165","BRIYANI","1","Briyani - Thalapakattu Veg","18","130.00","0","1","1","0","0"
"192","BRIYANI","1","Briyani - Aloo Dum","18","130.00","0","1","1","0","-1"
"196","BRIYANI","1","Briyani - Mushroom","18","130.00","0","1","1","0","0"
"200","BRIYANI","1","Briyani - Ambur Chicken","18","150.00","0","1","1","0","-1"
"201","BRIYANI","1","Briyani - Ambur Veg","18","130.00","0","1","1","0","-1"
"202","BRIYANI","1","Briyani - Ambur Goat","18","220.00","0","1","1","0","-1"
"212","BRIYANI","1","Briyani - Hyderabad Veg Dum","18","130.00","0","1","1","0","-1"
"339","BRIYANI","1","Briyani - Hyderabadi Egg Dum","18","140.00","0","1","1","0","-1"
"424","BRIYANI","1","Briyani - Goat Keema Dum","18","250.00","0","1","1","0","0"
"226","CHAAT ITEM","1","Veg - Samosa Chaat","19","5.00","0","0","1","0","0"
"250","CHAAT ITEM","1","Paav Bhaji","19","2.50","0","0","1","0","0"
"295","CHAAT ITEM","1","Veg Chowmein","18","140.00","0","0","1","0","0"
"296","CHAAT ITEM","1","Live Station - Chicken Chowmein","33","13.99","0","0","0","0","0"
"297","CHAAT ITEM","1","Shrimp Chowmein","33","12.00","0","0","1","0","0"
"298","CHAAT ITEM","1","Samosa Chole Chaat","33","5.00","0","0","1","0","0"
"299","CHAAT ITEM","1","Tikki Chole Chaat","33","8.00","0","0","1","0","0"
"300","CHAAT ITEM","1","Live Station - Besan Cheela with Paneer and Chutney","33","7.99","0","0","1","1","-1"
"302","CHAAT ITEM","1","Live Station - Chole Poori","33","14.00","0","0","0","0","-1"
"303","CHAAT ITEM","1","Live Station - Dahi Bhalle","33","8.00","0","0","0","0","-1"
"304","CHAAT ITEM","1","Papdi Chaat","33","8.00","0","0","1","0","0"
"305","CHAAT ITEM","1","Bhel Poori","33","5.00","0","0","1","0","-1"
"306","CHAAT ITEM","1","Live Station - Aloo Poori","33","12.00","0","0","0","0","-1"
"307","CHAAT ITEM","1","Live Station - Aloo Bedmi Poori","33","12.00","0","0","0","0","-1"
"314","CHAAT ITEM","1","Paani Poori","33","5.00","1","0","1","1","0"
"315","CHAAT ITEM","1","Bombay Bhel - Tray","18","110.00","0","0","1","0","-1"
"365","CHAAT ITEM","1","Pav Bhaji","19","3.50","0","0","1","0","0"
"373","CHAAT ITEM","1","Pappad Cone","19","3.50","0","1","1","0","0"
"376","CHAAT ITEM","1","Malai Bhalle (Dhai Puri)","20","4.00","0","0","0","0","0"
"382","CHAAT ITEM","1","Kati Roll - Paneer","19","4.00","0","0","1","0","0"
"383","CHAAT ITEM","1","Kati Roll - Chicken","19","6.00","0","0","1","0","0"
"427","CHAAT ITEM","1","Veg Cutlet Chaat","19","4.00","0","0","0","0","0"
"431","CHAAT ITEM","1","Live Station - Paani Puri","19","1.00","0","0","0","0","0"
"432","CHAAT ITEM","1","Live Station - Bhel Puri","33","5.99","1","0","1","1","0"
"434","CHAAT ITEM","1","Sliders","19","3.50","0","0","0","0","0"
"439","CHAAT ITEM","1","Live Station - Pav Bhaji","19","5.99","1","0","1","1","0"
"448","CHAAT ITEM","1","Dabeli","19","5.00","0","0","0","0","0"
"451","CHAAT ITEM","1","Vada Pav","19","4.00","0","0","0","0","0"
"483","CHAAT ITEM","1","VEGETABLE CUTLET CHAT (LIVE COUNTER)","33","7.99","1","1","0","1","0"
"484","CHAAT ITEM","1","LIVE STATION - PAANI POORI (8 PCS PER PERSON)","33","8.00","1","0","1","1","0"
"485","CHAAT ITEM","1","PAAV BHAJI (LIVE COUNTER)","33","5.99","1","0","1","1","0"
"554","CHAAT ITEM","1","Live Station - Aloo Tikki Chaat","33","5.00","1","0","1","1","0"
"142","CUSTOM DESSERTS","1","Kulfi - Malai","20","3.00","0","0","0","0","1"
"143","CUSTOM DESSERTS","1","Kulfi - Strawberry","20","3.00","0","0","0","0","1"
"144","CUSTOM DESSERTS","1","Kulfi - Pistacio","20","3.00","0","0","0","0","1"
"145","CUSTOM DESSERTS","1","Kulfi - Paan","20","3.00","0","0","0","0","1"
"149","CUSTOM DESSERTS","1","Orange Delight","19","7.00","0","0","1","0","1"
"218","CUSTOM DESSERTS","1","Kulfi - Mango","19","3.00","0","0","0","0","1"
"266","CUSTOM DESSERTS","1","Kulfi - Paan (Mini Size)","20","2.00","0","0","0","0","1"
"350","CUSTOM DESSERTS","1","Kulfi - Pistacio (Mini Size)","19","2.00","0","0","0","0","1"
"351","CUSTOM DESSERTS","1","Kulfi - Malai (Mini Size)","19","2.00","0","0","0","0","1"
"453","CUSTOM DESSERTS","1","Kulfi - Mango (Mini Size)","20","2.00","0","0","0","0","1"
"454","CUSTOM DESSERTS","1","Kulfi - Strawberry (Mini Size)","20","2.00","0","0","0","0","1"
"475","CUSTOM DESSERTS","1","Kulfi - Chikoo (Mini Size)","19","2.00","0","0","0","0","0"
"553","CUSTOM DESSERTS","1","Live Station - Paan","33","2.00","0","0","0","0","1"
"119","DESSERTS","1","Gulab Jamun","19","1.00","0","0","1","0","1"
"120","DESSERTS","1","Mango Kesari","18","120.00","0","0","0","0","0"
"121","DESSERTS","1","Rasamalai","19","2.00","0","0","0","0","1"
"122","DESSERTS","1","Halwa - Chikoo","18","120.00","0","0","0","0","-1"
"123","DESSERTS","1","Halwa - Carrot","18","120.00","0","1","0","0","0"
"124","DESSERTS","1","Payasam","18","100.00","0","0","0","0","0"
"125","DESSERTS","1","Rice Kheer","18","100.00","0","0","0","0","0"
"152","DESSERTS","1","Puran Poli","19","2.00","0","0","0","0","1"
"170","DESSERTS","1","Semiya Payasam","18","100.00","0","0","0","0","0"
"206","DESSERTS","1","Mango Mousse","18","100.00","0","0","1","0","0"
"214","DESSERTS","1","Laddu","19","3.00","0","0","0","0","1"
"215","DESSERTS","1","Rasgulla","19","2.00","0","0","0","0","1"
"217","DESSERTS","1","Mysore Pak","19","2.00","0","0","0","0","1"
"219","DESSERTS","1","Shrikhand","18","100.00","0","1","0","0","1"
"220","DESSERTS","1","Ney Appam","19","2.50","0","1","0","0","1"
"221","DESSERTS","1","Besan Ladoo","19","3.00","0","0","0","0","-1"
"222","DESSERTS","1","Milk Cake","19","2.00","0","0","0","0","1"
"243","DESSERTS","1","Pineapple Kesari","18","120.00","0","0","0","0","0"
"292","DESSERTS","1","Double Ka Meetha","18","120.00","0","0","0","0","-1"
"308","DESSERTS","1","Falooda","33","8.00","0","0","0","0","1"
"320","DESSERTS","1","Live Station - Jalebi","33","7.00","0","0","0","0",\N
"426","DESSERTS","1","Jilebi","19","2.00","0","0","1","0","1"
"450","DESSERTS","1","Rasgulla","19","2.00","0","0","0","0","0"
"459","DESSERTS","1","Jalebi with Rabri","19","3.00","0","0","0","0","0"
"463","DESSERTS","1","Halwa - Beetroot","18","120.00","0","0","0","0","0"
"464","DESSERTS","1","Halwa - Moong Dal","18","120.00","0","0","0","0","0"
"465","DESSERTS","1","Halwa - Sooji","18","120.00","0","0","0","0","0"
"466","DESSERTS","1","Halwa - Badam","18","120.00","0","0","0","0","0"
"467","DESSERTS","1","Halwa - Besan","18","120.00","0","0","0","0","0"
"468","DESSERTS","1","Halwa - Coconut Pumpkin","18","120.00","0","0","0","0","0"
"469","DESSERTS","1","Halwa - Pineapple","18","120.00","0","0","0","0","0"
"474","DESSERTS","1","Halwa - White Pumpkin Kasi","18","120.00","0","0","0","0","0"
"478","DESSERTS","1","Fruit Custard","18","120.00","0","0","0","0","0"
"492","DESSERTS","1","Shirkhand","18","190.00","0","0","0","1","0"
"493","DESSERTS","1","Chocolate Fountain","33","2.00","0","0","1","1","0"
"515","DESSERTS","1","Shahi Tukda","18","130.00","0","0","0","0","0"
"530","DESSERTS","1","Brownies","19","2.00","0","0","0","0","0"
"531","DESSERTS","1","Cheesecake","19","8.00","0","0","0","0","0"
"548","DESSERTS","1","Parle G Ice Cream Cakes","19","3.00","0","0","0","0","1"
"557","DESSERTS","1","New York Cheesecake","19","3.00","0","0","0","0","1"
"558","DESSERTS","1","Strawberry Shotcake","19","3.00","0","0","0","0","1"
"525","ENTREE","1","Basil Bruschetta w/toasted bread","18","175.00","0","0","0","0","0"
"527","ENTREE","1","Antipasto Platter with Olives","18","250.00","0","0","0","0","0"
"528","ENTREE","1","Artichoke and spinach dip","18","150.00","0","0","0","0","0"
"529","ENTREE","1","Grilled Scallops","18","340.00","0","0","0","0","0"
"62","ENTREE - CHICKEN","1","Chicken Tikka Masala","18","150.00","0","1","1","0","0"
"63","ENTREE - CHICKEN","1","Chicken Vindaloo","18","150.00","0","1","1","0","0"
"64","ENTREE - CHICKEN","1","Chicken Saag","18","150.00","0","1","1","0","0"
"65","ENTREE - CHICKEN","1","Chicken Malai Korma","18","150.00","0","1","0","0","0"
"66","ENTREE - CHICKEN","1","Butter Chicken","18","150.00","0","1","1","0","0"
"67","ENTREE - CHICKEN","1","Madras Chicken Curry","18","150.00","1","1","1","0","0"
"68","ENTREE - CHICKEN","1","Chicken Jalfrezi","18","150.00","0","1","1","0","0"
"69","ENTREE - CHICKEN","1","Mango Lime Chicken","18","150.00","0","1","0","1","0"
"70","ENTREE - CHICKEN","1","Gongura Chicken","18","150.00","0","1","1","0","0"
"71","ENTREE - CHICKEN","1","Karaikudi Chicken Korma","18","150.00","0","1","1","0","0"
"72","ENTREE - CHICKEN","1","Andhra Chicken Curry","18","150.00","0","1","1","0","0"
"161","ENTREE - CHICKEN","1","Village Chicken Curry","18","150.00","0","1","1","0","0"
"354","ENTREE - CHICKEN","1","Chicken Chettinad","18","150.00","0","1","1","0","0"
"460","ENTREE - CHICKEN","1","Chicken Butter Masala","18","150.00","0","0","0","0","0"
"495","ENTREE - CHICKEN","1","Live Station - Dosa with Chicken Keema","33","17.99","1","1","1","1","0"
"500","ENTREE - CHICKEN","1","Live Station - Tandoori Non-Veg Appetizer","33","14.99","0","1","1","0","0"
"504","ENTREE - CHICKEN","1","LIVE STATION - NON-VEG NOODLES","33","13.99","1","0","1","0","0"
"506","ENTREE - CHICKEN","1","LIVE STATION -  NON-VEG FRIED RICE","33","12.99","1","1","1","0","0"
"60","ENTREE - EGG","1","Egg Curry","18","140.00","1","1","1","0","0"
"61","ENTREE - EGG","1","Kadai Egg Masala","18","140.00","0","1","1","0","0"
"309","ENTREE - EGG","1","Egg Chettinad Curry","18","140.00","1","1","1","0","0"
"87","ENTREE - FISH","1","Malabar Fish Curry","18","180.00","0","1","1","0","0"
"88","ENTREE - FISH","1","Salmon Tikka Masala","18","190.00","0","0","1","0","0"
"90","ENTREE - FISH","1","Coastal Fish Curry","18","180.00","1","1","1","0","0"
"160","ENTREE - FISH","1","Village Fish Curry","18","180.00","0","1","1","0","0"
"74","ENTREE - GOAT","1","Goat Tikka Masala","18","180.00","0","1","1","0","0"
"77","ENTREE - GOAT","1","Goat Vindaloo","18","180.00","0","1","1","0","0"
"78","ENTREE - GOAT","1","Goat Saag","18","180.00","0","1","1","0","0"
"80","ENTREE - GOAT","1","Goat Korma","18","180.00","0","1","1","0","0"
"83","ENTREE - GOAT","1","Goat Rogan Josh","18","180.00","0","1","1","0","0"
"84","ENTREE - GOAT","1","Goat Chettinad","18","180.00","0","1","1","0","-1"
"85","ENTREE - GOAT","1","Gongura Goat","18","180.00","0","1","1","0","0"
"86","ENTREE - GOAT","1","Andhra Goat Curry","18","180.00","0","1","1","0","-1"
"443","ENTREE - GOAT","1","Mutton Kosha","18","180.00","0","0","0","0","0"
"496","ENTREE - GOAT","1","Live Station - Dosa with Mutton Keema","33","18.99","1","1","1","0","0"
"73","ENTREE - LAMB","1","Lamb Tikka Masala","18","180.00","0","1","1","0","0"
"76","ENTREE - LAMB","1","Lamb Vindaloo","18","180.00","0","1","1","0","0"
"79","ENTREE - LAMB","1","Lamb Saag","18","180.00","0","1","1","0","0"
"81","ENTREE - LAMB","1","Lamb Korma","18","180.00","0","1","1","0","0"
"82","ENTREE - LAMB","1","Lamb Rogan Josh","18","180.00","0","1","1","0","0"
"509","ENTREE - LAMB","1","LIVE STATION - LAMB CHOP","33","7.99","1","1","1","0","0"
"89","ENTREE - SHRIMP","1","Shrimp Curry","18","200.00","0","1","1","0","0"
"526","ENTREE - SHRIMP","1","Shrimp Cocktail","18","300.00","0","0","0","0","0"
"41","ENTREE - VEG","1","Vegetable Korma","18","130.00","1","1","0","1","0"
"42","ENTREE - VEG","1","Mutter Panner","18","140.00","0","1","1","0","0"
"43","ENTREE - VEG","1","Paneer Tikka Masala","18","140.00","0","1","1","0","0"
"44","ENTREE - VEG","1","Dal Makhani","18","130.00","0","1","1","0","0"
"45","ENTREE - VEG","1","Dal Tadka","18","130.00","0","1","1","0","0"
"46","ENTREE - VEG","1","Aloo Gobi Masala","18","130.00","1","1","1","1","0"
"47","ENTREE - VEG","1","Malai Kofta","18","130.00","0","0","0","0","0"
"48","ENTREE - VEG","1","Bhindi Masala","18","130.00","0","1","1","0","0"
"49","ENTREE - VEG","1","Mango Lime Paneer","18","140.00","0","1","1","0","0"
"50","ENTREE - VEG","1","Paneer Jalfrezi","18","140.00","0","1","1","0","0"
"51","ENTREE - VEG","1","Saag Paneer","18","140.00","0","1","1","0","0"
"52","ENTREE - VEG","1","Tofu Makhani","18","130.00","0","1","1","0","0"
"53","ENTREE - VEG","1","Mango Lime Tofu","18","130.00","0","1","1","0","0"
"54","ENTREE - VEG","1","Eggplant Pulusu","18","130.00","1","1","1","0","0"
"55","ENTREE - VEG","1","Tofu Vindaloo","18","130.00","1","1","1","1","0"
"57","ENTREE - VEG","1","Veg Korma","18","130.00","1","1","0","1","0"
"58","ENTREE - VEG","1","Channa Masala","18","130.00","1","1","1","1","-1"
"155","ENTREE - VEG","1","Paneer Makhani","18","130.00","0","1","1","0","0"
"156","ENTREE - VEG","1","Baingan Bharta","18","130.00","1","1","1","1","0"
"162","ENTREE - VEG","1","Vendikkai Puli Thokku","18","130.00","1","1","1","1","0"
"208","ENTREE - VEG","1","Kadai Mushroom","18","130.00","0","1","1","0","0"
"213","ENTREE - VEG","1","Vegetable Jalfrezi","18","130.00","0","1","1","0","0"
"216","ENTREE - VEG","1","Paneer Butter Masala","18","140.00","0","1","1","0","0"
"229","ENTREE - VEG","1","Kadai Paneer","18","140.00","0","1","1","0","0"
"230","ENTREE - VEG","1","Diwani Handi","18","130.00","1","1","1","1","0"
"234","ENTREE - VEG","1","Vegetable Chettinad","18","130.00","1","1","1","1","0"
"235","ENTREE - VEG","1","Shaahi Paneer","18","140.00","0","1","0","0","0"
"247","ENTREE - VEG","1","Spinach Dal","18","130.00","0","1","1","0","0"
"270","ENTREE - VEG","1","Paneer Kofta","18","140.00","0","0","0","0","0"
"273","ENTREE - VEG","1","Mixed Vegetable Sabzi","18","130.00","1","1","1","1","0"
"274","ENTREE - VEG","1","Shaam Savera","18","140.00","0","1","1","0","0"
"288","ENTREE - VEG","1","Saag Channa","18","130.00","0","1","1","0","0"
"312","ENTREE - VEG","1","Gutti Vekkaya","18","130.00","1","1","0","1","0"
"322","ENTREE - VEG","1","Dum Aloo","18","130.00","0","1","1","0","0"
"323","ENTREE - VEG","1","Aviyal","18","130.00","1","1","1","1","0"
"325","ENTREE - VEG","1","Paruppu Usili","18","130.00","1","1","1","1","0"
"340","ENTREE - VEG","1","Kadai Vegetables","18","130.00","0","1","1","0","0"
"341","ENTREE - VEG","1","Snakegourd Kootu","18","140.00","1","1","1","1","0"
"347","ENTREE - VEG","1","Kadhi Pakora","18","120.00","0","0","0","0","0"
"359","ENTREE - VEG","1","Navratan Korma","18","140.00","0","1","1","0","0"
"369","ENTREE - VEG","1","Kobi Bateta Nu Shaak","18","120.00","1","1","1","1","0"
"370","ENTREE - VEG","1","Methi Malai Paneer","18","140.00","0","0","1","0","0"
"371","ENTREE - VEG","1","Dal Palak","18","130.00","0","1","1","0","0"
"393","ENTREE - VEG","1","Undhiyu","18","140.00","0","1","1","0","0"
"394","ENTREE - VEG","1","Panchkutiyu Shaak","18","150.00","0","0","0","0","0"
"395","ENTREE - VEG","1","Paneer Darbar","18","180.00","0","0","0","0","0"
"396","ENTREE - VEG","1","Chickpea Tikka Masala","18","130.00","0","0","1","0","0"
"397","ENTREE - VEG","1","Gujarati Kadi","18","130.00","0","0","0","0","0"
"398","ENTREE - VEG","1","Pappu Charu","18","130.00","0","0","0","0","0"
"399","ENTREE - VEG","1","Sorkaya Curry","18","130.00","0","0","0","0","0"
"401","ENTREE - VEG","1","Chawli Bean Subzi Gujarat","18","140.00","1","1","1","1","0"
"402","ENTREE - VEG","1","Aloo Mutter","18","130.00","1","1","1","1","0"
"419","ENTREE - VEG","1","Mango Dal","18","130.00","0","1","1","0","0"
"423","ENTREE - VEG","1","Gutti Venkaya Stuffed Fry","19","2.00","0","1","0","0","0"
"425","ENTREE - VEG","1","Aloo Mutter Korma","18","130.00","0","1","1","0","0"
"428","ENTREE - VEG","1","Potato Peas Gobi Kurma","18","130.00","1","1","1","1","0"
"429","ENTREE - VEG","1","Veg Kootu","18","130.00","1","1","1","1","0"
"455","ENTREE - VEG","1","Chettinad Paneer Cashew Curry","34","140.00","0","0","0","0","0"
"461","ENTREE - VEG","1","Channa Dal Fry","18","130.00","0","0","0","0","0"
"462","ENTREE - VEG","1","Bagara Baingan","18","130.00","0","0","0","0","0"
"473","ENTREE - VEG","1","Okra Puli Kulambu","18","140.00","0","0","0","0","0"
"476","ENTREE - VEG","1","Paneer Lababdar","18","140.00","0","0","0","0","0"
"490","ENTREE - VEG","1","ALOO PEAS CURRY","18","130.00","0","1","0","0","0"
"497","ENTREE - VEG","1","Live Station - Poori with Potato Masala","33","13.99","1","0","1","1","0"
"503","ENTREE - VEG","1","Live Station - Veg Noodles","33","11.99","1","0","1","1","0"
"505","ENTREE - VEG","1","LIVE STATION -  VEG FRIED RICE","33","10.99","1","1","1","1","0"
"507","ENTREE - VEG","1","LIVE STATION - ROMALI ROTI","19","11.99","1","0","0","1","0"
"510","ENTREE - VEG","1","LIVE STATION - PAROTA","33","13.99","1","0","1","1","0"
"519","ENTREE - VEG","1","Vada Curry","18","140.00","1","1","1","1","0"
"521","ENTREE - VEG","1","Methi Chaman","18","130.00","0","0","0","0","0"
"522","ENTREE - VEG","1","Paneer Pasanda","18","140.00","0","0","0","0","0"
"532","ENTREE - VEG","1","Saag Tofu","18","130.00","1","1","1","1","0"
"533","ENTREE - VEG","1","Mutter Tofu","18","130.00","0","1","1","0","0"
"534","ENTREE - VEG","1","Dal Bukhara","18","130.00","0","1","0","0","0"
"535","ENTREE - VEG","1","Matar Paneer","18","140.00","0","1","1","1","0"
"318","ITALIAN","1","Pesto Pasta","18","110.00","1","0","0","0","0"
"319","ITALIAN","1","Alfredo Pasta","18","110.00","1","0","0","1","-1"
"544","LIQUOR","1","Whisky - Glenfiddich","34","100.00","0","0","0","0","1"
"545","LIQUOR","1","Red Wine","34","25.00","0","0","0","0","1"
"546","LIQUOR","1","White Wine","34","25.00","0","0","0","0","1"
"547","LIQUOR","1","Beer","34","5.00","0","0","0","0","1"
"549","LIQUOR","1","Macallan","34","150.00","0","0","0","0","1"
"550","LIQUOR","1","Titos Vodka","34","50.00","0","0","0","0","1"
"551","LIQUOR","1","Beer - Blue Moon","34","5.00","0","0","0","0","1"
"552","LIQUOR","1","Beer- Corona","34","5.00","0","0","0","0","1"
"316","MEXICAN","1","Tandoori Chicken Quesadilla","19","4.00","1","0","1","0","1"
"317","MEXICAN","1","Tandoori Paneer Quesdilla","19","3.00","0","0","1","0","0"
"360","MEXICAN","1","Spanish Bhel","18","140.00","1","1","1","1","0"
"381","MEXICAN","1","Veg Burrito","19","3.00","0","0","1","0","0"
"384","MEXICAN","1","Salsa","18","80.00","1","1","1","1","0"
"385","MEXICAN","1","Nachos","18","45.00","1","0","1","1","0"
"343","MULTIPLE","1","Combo Box - Chicken","33","13.99","0","0","1","0","0"
"346","MULTIPLE","1","Combo Box - Vegetarian","33","11.99","0","0","0","0","0"
"538","MULTIPLE","1","Cutlery items Disposable","33","1.50","1","1","0","1","0"
"94","NAAN / ROTI","1","Naan - Plain","19","2.50","0","0","1","0","0"
"95","NAAN / ROTI","1","Naan - Butter","19","3.00","0","0","1","0","-1"
"96","NAAN / ROTI","1","Naan - Garlic","19","3.00","0","0","1","0","-1"
"97","NAAN / ROTI","1","Chappati","19","1.00","1","0","1","1","1"
"98","NAAN / ROTI","1","Naan - Rosemary","19","3.00","0","0","1","0","0"
"99","NAAN / ROTI","1","Naan - Mint Basil","19","3.00","0","0","0","1","0"
"100","NAAN / ROTI","1","Naan - Cheese Spinach","19","3.00","0","0","1","0","-1"
"101","NAAN / ROTI","1","Naan - Peshwari","19","3.00","1","0","0","0","0"
"102","NAAN / ROTI","1","Parota","19","1.50","0","0","1","0","0"
"210","NAAN / ROTI","1","Tandoori Roti","19","2.50","1","0","1","1","0"
"211","NAAN / ROTI","1","Naan - Bullet","19","3.00","0","0","1","0","-1"
"289","NAAN / ROTI","1","Pulka","19","1.00","0","0","1","0","0"
"313","NAAN / ROTI","1","Poori","19","2.00","1","0","1","1","0"
"336","NAAN / ROTI","1","Chilli Garlic","19","3.00","0","0","1","0","-1"
"353","NAAN / ROTI","1","Naan - Romali Roti","19","3.50","0","0","1","0","0"
"366","NAAN / ROTI","1","Naan - Chur Chur","19","3.50","0","0","0","0","0"
"392","NAAN / ROTI","1","Aloo Paratha","19","4.00","0","0","1","0","0"
"520","NAAN / ROTI","1","Garlic Kulcha","19","3.00","0","0","0","0","0"
"116","NOODLES","1","Veg Hakka Noodles","18","120.00","0","0","1","0","0"
"117","NOODLES","1","Egg Hakka Noodles","18","130.00","1","0","1","0","-1"
"118","NOODLES","1","Chicken Hakka Noodles","18","140.00","1","0","1","0","-1"
"238","PAAN SHOT","1","Paan Shot","34","100.00","0","0","0","0","1"
"236","RICE ITEMS","1","Rice - Basmati","18","40.00","1","1","1","1","-1"
"408","RICE ITEMS","1","Briyani - Jackfruit Dum","18","140.00","0","1","1","0","0"
"479","RICE ITEMS","1","Variety Rice - Tahdig Rice","18","140.00","0","0","0","0","0"
"134","SIDES","1","Sambar","18","70.00","0","1","1","0","0"
"135","SIDES","1","Chutney - Coconut","18","50.00","1","1","1","1","-1"
"136","SIDES","1","Chutney - Tomato","18","50.00","1","1","1","1","0"
"137","SIDES","1","Chutney - Peanut","18","60.00","1","1","0","1","0"
"138","SIDES","1","Chutney - Mint","18","30.00","0","1","1","0","0"
"139","SIDES","1","Chutney - Tamarind","18","30.00","1","1","1","1","0"
"140","SIDES","1","Chutney - Mango","18","30.00","1","1","1","1","1"
"141","SIDES","1","Chutney - Red Onion","18","30.00","1","1","1","1","0"
"146","SIDES","1","Raitha","18","40.00","0","1","1","0","0"
"147","SIDES","1","Papad","19","0.25","1","1","1","1","0"
"148","SIDES","1","Salad","18","60.00","1","1","1","1","0"
"171","SIDES","1","Salna","18","50.00","1","1","1","1","0"
"237","SIDES","1","Onions and Chilli","18","50.00","1","1","1","1","0"
"241","SIDES","1","Pickles - 16 oz","20","5.00","1","1","1","1","0"
"253","SIDES","1","Assorted Fruit Salad","18","150.00","1","1","1","1","-1"
"259","SIDES","1","Greek Salad","18","90.00","0","1","1","0","-1"
"261","SIDES","1","Banana","19","1.00","1","1","1","1","-1"
"262","SIDES","1","Sweet Paan","19","2.50","1","0","0","0","1"
"284","SIDES","1","Pineapple Pachadi","18","120.00","0","1","1","0","0"
"286","SIDES","1","Chole","18","130.00","1","1","1","1","-1"
"333","SIDES","1","Chutney - Bengali","18","60.00","1","1","0","1","-1"
"372","SIDES","1","Plain Yogurt","18","50.00","0","1","1","0","1"
"375","SIDES","1","Moong and Channa Sprouts","18","175.00","1","1","1","1","0"
"377","SIDES","1","Chutney - Guva","18","150.00","0","1","1","0","0"
"378","SIDES","1","Onion Pacadi","18","80.00","0","0","0","0","0"
"379","SIDES","1","Mango Pachadi","18","80.00","0","1","1","0","0"
"388","SIDES","1","Chitti Garelu","19","2.00","1","1","1","0","0"
"405","SIDES","1","Chutney - Ginger","18","60.00","1","1","1","1","0"
"411","SIDES","1","Vadiyalu","19","0.25","1","0","1","0","0"
"412","SIDES","1","Moore Milagai","19","0.25","0","0","1","0","0"
"413","SIDES","1","Ghee","18","175.00","0","0","1","0","0"
"416","SIDES","1","Potato Chips","18","75.00","1","1","1","1","1"
"433","SIDES","1","Noodles","18","120.00","0","0","0","0","0"
"438","SIDES","1","Fryums","18","25.00","0","0","0","0","0"
"452","SIDES","1","Fried Chilli (16 oz)","19","5.00","0","0","0","0","0"
"470","SIDES","1","Kachumber Salad","18","110.00","1","1","1","1","0"
"480","SIDES","1","Shirazi Salad","18","65.00","0","0","0","0","0"
"482","SIDES","1","Crackers","19","0.30","0","0","0","0","1"
"511","SIDES","1","Rabri","18","40.00","0","0","0","0","0"
"91","SOUTH INDIAN","1","Egg Kothu Parota","18","130.00","0","0","1","0","-1"
"92","SOUTH INDIAN","1","Chicken Kothu Parota","18","140.00","0","0","1","0","-1"
"93","SOUTH INDIAN","1","Veg Kothu Parota","18","120.00","0","0","1","0","0"
"153","SOUTH INDIAN","1","Kal Dosai","19","4.00","1","1","1","1","0"
"207","SOUTH INDIAN","1","Live Station - Dosa","33","13.99","1","1","1","1","0"
"240","SOUTH INDIAN","1","Mini Veg Uthappam","19","4.00","1","1","1","1","0"
"245","SOUTH INDIAN","1","Tomato Uthappam","19","2.00","1","1","1","1","0"
"246","SOUTH INDIAN","1","Idli","19","2.00","1","1","1","0","1"
"248","SOUTH INDIAN","1","Avocado Dosa","19","2.00","0","1","1","0","-1"
"255","SOUTH INDIAN","1","Upma","18","100.00","0","0","0","0","0"
"265","SOUTH INDIAN","1","Chilli Parota","18","120.00","0","0","1","0","-1"
"275","SOUTH INDIAN","1","Live Station - Dosa - Bulk Rate","33","8.99","1","1","1","1","0"
"276","SOUTH INDIAN","1","Live Station - Chole Bhatura","33","13.99","1","0","1","1","0"
"277","SOUTH INDIAN","1","Live Station - Chole Bhatura - Bulk Rate","33","8.99","0","0","1","0","0"
"278","SOUTH INDIAN","1","Live Station - Naan","33","9.99","1","0","1","1","-1"
"279","SOUTH INDIAN","1","Live Station - Naan - Bulk Rate","33","6.99","1","0","1","0","0"
"280","SOUTH INDIAN","1","Podi Idli","18","150.00","1","1","0","1","0"
"285","SOUTH INDIAN","1","Idiyappam","19","3.00","1","1","1","1","-1"
"326","SOUTH INDIAN","1","Rasam","18","60.00","1","1","1","1","0"
"332","SOUTH INDIAN","1","Poori Masala","18","100.00","1","1","0","1","0"
"334","SOUTH INDIAN","1","Ceylon Parota","19","2.00","0","0","0","0","-1"
"357","SOUTH INDIAN","1","Tawa Sabji","18","120.00","1","1","1","1","0"
"386","SOUTH INDIAN","1","Chicken Salna","18","100.00","0","1","1","0","0"
"389","SOUTH INDIAN","1","Paneer Brushetta","19","3.50","0","0","0","0","0"
"390","SOUTH INDIAN","1","Gaulati Kebab","19","6.00","0","0","1","0","0"
"403","SOUTH INDIAN","1","Mini Idli","19","1.00","1","1","1","1","1"
"404","SOUTH INDIAN","1","Mini Medhu Vada","19","1.00","1","1","1","1","0"
"406","SOUTH INDIAN","1","Live Station - Rava Dosa","33","15.00","1","0","1","1","0"
"417","SOUTH INDIAN","1","Avarakai Veppudu","18","140.00","1","1","0","1","0"
"436","SOUTH INDIAN","1","Poriyal","18","140.00","0","0","0","0","0"
"437","SOUTH INDIAN","1","Kootu","18","140.00","0","0","0","0","0"
"449","SOUTH INDIAN","1","Kaima Idli","18","150.00","0","0","0","0","0"
"494","SOUTH INDIAN","1","Live Station - Egg Dosa","33","15.99","1","1","1","1","0"
"512","SOUTH INDIAN","1","Lemon Sevai","18","100.00","0","0","0","0","0"
"26","TANDOOR - NONVEG","1","Lamb Chops","19","6.00","0","1","1","0","0"
"27","TANDOOR - NONVEG","1","Chicken Lollipop","19","4.00","0","0","1","0","-1"
"31","TANDOOR - NONVEG","1","Tandoori Chicken","19","2.50","0","0","1","0","0"
"32","TANDOOR - NONVEG","1","Chicken Tikka","18","160.00","0","1","1","0","-1"
"33","TANDOOR - NONVEG","1","Murg Malai Kebab","18","160.00","0","1","0","0","0"
"34","TANDOOR - NONVEG","1","Hariyali Murg Kebab","18","160.00","0","1","1","0","-1"
"35","TANDOOR - NONVEG","1","Tandoori Grilled Fish","19","10.00","0","0","1","0","0"
"36","TANDOOR - NONVEG","1","Tandoori Salmon","19","12.00",\N,\N,\N,\N,\N
"37","TANDOOR - NONVEG","1","Campfire Jerk Chicken","18","150.00","0","1","1","0","-1"
"291","TANDOOR - NONVEG","1","Pomfret Fish - Full piece","19","15.00","0","1","1","0","0"
"344","TANDOOR - NONVEG","1","Chicken Seekh Kebab","18","160.00","0","0","0","0","0"
"391","TANDOOR - NONVEG","1","Tandoori Shrimp","18","240.00","0","1","1","0","0"
"481","TANDOOR - NONVEG","1","Chicken Koobideh","18","160.00","0","0","0","0","0"
"541","TANDOOR - NONVEG","1","Tandoori Mixed Platter","33","4.99","0","1","1","0","0"
"228","TANDOOR - VEG","1","Paneer Tikka","18","140.00","0","1","1","0","0"
"19","VARIETY RICE","1","Variety Rice - Pongal","18","100.00","0","1","0","0","0"
"39","VARIETY RICE","1","Variety Rice - Bisibelebath","18","130.00","0","1","0","0","-1"
"40","VARIETY RICE","1","Variety Rice - Curd Rice","18","90.00","0","1","1","0","-1"
"107","VARIETY RICE","1","Variety Rice - Veg Pulao","18","130.00","0","1","0","0","0"
"111","VARIETY RICE","1","Variety Rice - Jeera Rice","18","60.00","0","1","0","0","0"
"113","VARIETY RICE","1","Variety Rice - Veg Fried Rice","18","110.00","0","0","1","0","0"
"114","VARIETY RICE","1","Variety Rice - Egg Fried Rice","18","120.00","1","1","1","0","-1"
"115","VARIETY RICE","1","Variety Rice - Chicken Fried Rice","18","140.00","1","0","1","0","-1"
"157","VARIETY RICE","1","Variety Rice - Jeera Pulao","18","130.00","0","1","0","0","-1"
"158","VARIETY RICE","1","Variety Rice - Zafrani","18","130.00","0","1","0","0","0"
"159","VARIETY RICE","1","Variety Rice - Zaffrani Pulao","18","130.00","0","1","0","0","0"
"163","VARIETY RICE","1","Variety Rice - Ven Pongal","18","120.00","0","1","0","0","0"
"167","VARIETY RICE","1","Variety Rice - Sweet Pongal","18","130.00","0","0","0","0","0"
"169","VARIETY RICE","1","Variety Rice - Schezwan Fried","18","130.00","1","0","1","1","0"
"172","VARIETY RICE","1","Variety Rice - Kashmiri Saffron Pulao","18","130.00","0","1","0","0","0"
"173","VARIETY RICE","1","Variety Rice - Pulihora","18","130.00","1","1","0","1","0"
"174","VARIETY RICE","1","Variety Rice - Khichdi","18","130.00","0","0","0","0","0"
"175","VARIETY RICE","1","Variety Rice - Coconut Rice","18","130.00","1","1","0","1","-1"
"176","VARIETY RICE","1","Variety Rice - Sesame Rice","18","130.00","1","1","0","1","0"
"177","VARIETY RICE","1","Variety Rice - Lemon Rice","18","130.00","1","1","0","1","0"
"178","VARIETY RICE","1","Variety Rice - Karuvapellai Satham","18","130.00","1","1","0","0","0"
"179","VARIETY RICE","1","Variety Rice - Bagara Annam","18","130.00","0","1","0","0","-1"
"180","VARIETY RICE","1","Variety Rice - Brinji","18","130.00","0","1","1","0","-1"
"181","VARIETY RICE","1","Variety Rice - Vaangi Bath","18","130.00","0","1","0","0","0"
"182","VARIETY RICE","1","Variety Rice - Zarda","18","130.00","0","1","0","0","0"
"183","VARIETY RICE","1","Variety Rice - Tomato Rice","18","130.00","0","1","0","0","0"
"184","VARIETY RICE","1","Variety Rice - Bhindi","18","130.00","0","1","0","0","-1"
"185","VARIETY RICE","1","Variety Rice - Beetroot Pulao","18","130.00","0","1","0","0","-1"
"186","VARIETY RICE","1","Variety Rice - Pineapple Rice","18","120.00","0","1","1","0","0"
"187","VARIETY RICE","1","Variety Rice - Carrot","18","130.00","1","1","0","1","-1"
"188","VARIETY RICE","1","Variety Rice - Mango","18","130.00","0","0","0","0","0"
"189","VARIETY RICE","1","Variety Rice - Pepper Rice","18","130.00","0","1","1","0","0"
"190","VARIETY RICE","1","Variety Rice - Channa Dal Pulao","18","130.00","0","1","1","0","-1"
"191","VARIETY RICE","1","Variety Rice - Paneer Pulao","18","130.00","0","1","1","0","0"
"193","VARIETY RICE","1","Variety Rice - Garlic Fried","18","130.00","1","0","1","1","-1"
"194","VARIETY RICE","1","Variety Rice - Peas Pulao","18","130.00","0","1","1","1","0"
"195","VARIETY RICE","1","Variety Rice - Ghee Rice","18","130.00","0","1","0","0","-1"
"197","VARIETY RICE","1","Variety Rice - Capsicum","18","130.00","0","1","1","0","-1"
"198","VARIETY RICE","1","Variety Rice - Methi Pulao","18","130.00","0","1","1","0","0"
"199","VARIETY RICE","1","Variety Rice - Masale Bhat","18","130.00","0","1","0","0","0"
"203","VARIETY RICE","1","Variety Rice - Burnt Garlic Fried","18","130.00","0","1","1","0","-1"
"204","VARIETY RICE","1","Variety Rice - Shahi Pulao","18","130.00","0","1","0","0","0"
"205","VARIETY RICE","1","Variety Rice - Kuska","18","130.00","0","1","1","0","0"
"267","VARIETY RICE","1","Variety Rice - Kashmiri Veg Pulao","18","120.00","0","1","0","0","0"
"355","VARIETY RICE","1","Variety Rice - Chicken Pulao","18","110.00","0","1","0","0","0"
"358","VARIETY RICE","1","Variety Rice - Mint Rice","18","130.00","1","1","0","1","0"
"400","VARIETY RICE","1","Variety Rice - Kichadi (South Indian)","18","120.00","0","0","0","0","0"
"430","VARIETY RICE","1","Variety Rice - Vangi Bath","18","130.00","0","0","0","0","0"
"457","VARIETY RICE","1","Variety Rice - Tamarind Rice","18","130.00","0","0","0","0","0"
"472","VARIETY RICE","1","Sabudana Khichdi","18","140.00","0","0","0","0","0"
"477","VARIETY RICE","1","Undhiyu","18","300.00","0","0","0","0","0"
"513","VARIETY RICE","1","Variety Rice - Raju Gari Veg Pulao","18","130.00","0","0","0","0","0"
"539","VARIETY RICE","1","Schezwan Egg Fried","18","120.00","0","0","0","0","0"
